algorithm,n,comparisons,time
dijkstra,1000000,52835044,127.24054884910583
greedy,1000000,3694,0.007112264633178711
